{
    "발사 속도": {
        "sum": 25731,
        "min": 48,
        "max": 1000,
        "count": 75,
        "average": 343.08
    },
    "약점 배율": {
        "sum": 98.15,
        "min": 1,
        "max": 2.25,
        "count": 75,
        "average": 1.3086666666666666
    },
    "환경 파괴력(무기)": {
        "sum": 99,
        "min": 1,
        "max": 3,
        "count": 75,
        "average": 1.32
    },
    "유효사거리 (감소 시작)": {
        "sum": 1757,
        "min": 7,
        "max": 55,
        "count": 62,
        "average": 28.338709677419356
    },
    "유효사거리 (감소 종료)": {
        "sum": 3263,
        "min": 20,
        "max": 85,
        "count": 62,
        "average": 52.62903225806452
    },
    "거리별 공격력 감소비율": {
        "sum": 30.800000000000022,
        "min": 0.1,
        "max": 1,
        "count": 68,
        "average": 0.45294117647058857
    },
    "최대사거리": {
        "sum": 10505,
        "min": 15,
        "max": 150,
        "count": 75,
        "average": 140.06666666666666
    },
    "지향사격 정확도": {
        "sum": 5112.080000000001,
        "min": 8.33,
        "max": 98.88,
        "count": 74,
        "average": 69.08216216216218
    },
    "조준사격 정확도": {
        "sum": 6290.709999999999,
        "min": 21.66,
        "max": 100,
        "count": 75,
        "average": 83.87613333333333
    },
    "크로스헤어 최소 크기": {
        "sum": 207,
        "min": 3,
        "max": 12,
        "count": 48,
        "average": 4.3125
    },
    "크로스헤어 최대 크기": {
        "sum": 4203,
        "min": 25,
        "max": 180,
        "count": 62,
        "average": 67.79032258064517
    },
    "이동 시 크로스헤어 변화량": {
        "sum": 440.9,
        "min": 0,
        "max": 30,
        "count": 62,
        "average": 7.111290322580645
    },
    "발사 시 크로스헤어 변화량": {
        "sum": 825.19,
        "min": 1.2,
        "max": 80,
        "count": 62,
        "average": 13.309516129032259
    },
    "조준 사격 시 크로스헤어 변화량": {
        "sum": 760.6400000000002,
        "min": 1.13,
        "max": 80,
        "count": 62,
        "average": 12.268387096774196
    },
    "조준 복구 속도": {
        "sum": 3672.7,
        "min": 8,
        "max": 150,
        "count": 62,
        "average": 59.237096774193546
    },
    "크로스헤어 변화 속도": {
        "sum": 5619.8,
        "min": 20,
        "max": 150,
        "count": 62,
        "average": 90.64193548387097
    },
    "장탄량": {
        "sum": 2146,
        "min": 1,
        "max": 125,
        "count": 75,
        "average": 28.613333333333333
    },
    "장전량": {
        "sum": 2147,
        "min": 1,
        "max": 125,
        "count": 75,
        "average": 28.626666666666665
    },
    "재장전 시간": {
        "sum": 144.55999999999995,
        "min": 1.0499999999999998,
        "max": 4.2,
        "count": 75,
        "average": 1.927466666666666
    },
    "탄환 소모량": {
        "sum": -75,
        "min": -1,
        "max": -1,
        "count": 75,
        "average": -1
    },
    "전력 질주 속도": {
        "sum": 58600,
        "min": 750,
        "max": 800,
        "count": 75,
        "average": 781.3333333333334
    },
    "이동 속도": {
        "sum": 39375,
        "min": 350,
        "max": 675,
        "count": 75,
        "average": 525
    },
    "사격 중 이동 속도": {
        "sum": 28375,
        "min": 170,
        "max": 675,
        "count": 75,
        "average": 378.3333333333333
    },
    "조준 중 이동 속도": {
        "sum": 22795,
        "min": 100,
        "max": 675,
        "count": 75,
        "average": 303.93333333333334
    },
    "관통": {
        "sum": 270,
        "min": 10,
        "max": 10,
        "count": 27,
        "average": 10
    },
    "시체 미는 힘": {
        "sum": 76800,
        "min": 100,
        "max": 10000,
        "count": 75,
        "average": 1024
    },
    "경직 공격값": {
        "sum": 346,
        "min": 2,
        "max": 12,
        "count": 75,
        "average": 4.613333333333333
    },
    "총기 치명타 확률": {
        "sum": 1410,
        "min": 1,
        "max": 55,
        "count": 75,
        "average": 18.8
    },
    "총기 치명타 배율": {
        "sum": 116.1,
        "min": 1.1,
        "max": 2,
        "count": 75,
        "average": 1.5479999999999998
    },
    "속성 상태효과 부여확률": {
        "sum": 889.5200000000003,
        "min": 1.33,
        "max": 33.33,
        "count": 75,
        "average": 11.860266666666671
    },
    "파열": {
        "sum": 270,
        "min": 10,
        "max": 10,
        "count": 27,
        "average": 10
    },
    "산탄량": {
        "sum": 70,
        "min": 6,
        "max": 15,
        "count": 7,
        "average": 10
    },
    "격파": {
        "sum": 210,
        "min": 10,
        "max": 10,
        "count": 21,
        "average": 10
    },
    "관통력": {
        "sum": 700,
        "min": 80,
        "max": 120,
        "count": 7,
        "average": 100
    },
    "폭발 거리 공격력 감소 비율": {
        "sum": 2.7,
        "min": 0.1,
        "max": 0.5,
        "count": 7,
        "average": 0.38571428571428573
    },
    "런쳐 폭발 반경": {
        "sum": 3270,
        "min": 400,
        "max": 550,
        "count": 7,
        "average": 467.14285714285717
    },
    "광선소총 충전량 증가 속도": {
        "sum": 6,
        "min": 1,
        "max": 1,
        "count": 6,
        "average": 1
    },
    "광선소총 충전량 감소 속도": {
        "sum": 6,
        "min": 1,
        "max": 1,
        "count": 6,
        "average": 1
    }
}